{
  "stage": "final",
  "best_so_far": {
    "model": "lgbm",
    "params": "{\"bagging_fraction\": 0.778330058700996, \"bagging_freq\": 2, \"boosting_type\": \"gbdt\", \"feature_fraction\": 0.6275821029717381, \"force_col_wise\": true, \"lambda_l1\": 4.517294931927867e-05, \"lambda_l2\": 0.011920732454655213, \"learning_rate\": 0.012411135642075856, \"max_bin\": 511, \"max_depth\": 10, \"min_child_samples\": 75, \"min_gain_to_split\": 0.00454536314980534, \"n_estimators\": 10000, \"n_jobs\": 1, \"num_leaves\": 512, \"objective\": \"regression\", \"subsample_for_bin\": 800000, \"verbosity\": -1}",
    "mae": 79260.92820843759,
    "rmse": 136061.6958959593,
    "mae_log": 0.20726051607049248,
    "rmse_log": 0.29028996221787856,
    "elapsed_s": 12.152028703689576,
    "n": 15
  },
  "top25": [
    {
      "model": "lgbm",
      "params": "{\"bagging_fraction\": 0.778330058700996, \"bagging_freq\": 2, \"boosting_type\": \"gbdt\", \"feature_fraction\": 0.6275821029717381, \"force_col_wise\": true, \"lambda_l1\": 4.517294931927867e-05, \"lambda_l2\": 0.011920732454655213, \"learning_rate\": 0.012411135642075856, \"max_bin\": 511, \"max_depth\": 10, \"min_child_samples\": 75, \"min_gain_to_split\": 0.00454536314980534, \"n_estimators\": 10000, \"n_jobs\": 1, \"num_leaves\": 512, \"objective\": \"regression\", \"subsample_for_bin\": 800000, \"verbosity\": -1}",
      "mae": 79260.92820843759,
      "rmse": 136061.6958959593,
      "mae_log": 0.20726051607049248,
      "rmse_log": 0.29028996221787856,
      "elapsed_s": 12.152028703689576,
      "n": 15
    },
    {
      "model": "lgbm",
      "params": "{\"bagging_fraction\": 0.8149719971757665, \"bagging_freq\": 1, \"boosting_type\": \"gbdt\", \"feature_fraction\": 0.6094722457264931, \"force_col_wise\": true, \"lambda_l1\": 0.010561173307141349, \"lambda_l2\": 0.18973451896529367, \"learning_rate\": 0.0086590859777246, \"max_bin\": 255, \"max_depth\": 9, \"min_child_samples\": 109, \"min_gain_to_split\": 0.0044509797681221985, \"n_estimators\": 10000, \"n_jobs\": 1, \"num_leaves\": 504, \"objective\": \"regression\", \"subsample_for_bin\": 400000, \"verbosity\": -1}",
      "mae": 79393.64926730546,
      "rmse": 137650.28893877674,
      "mae_log": 0.20712542781508023,
      "rmse_log": 0.28981154013394594,
      "elapsed_s": 9.373670450846355,
      "n": 15
    },
    {
      "model": "lgbm",
      "params": "{\"bagging_fraction\": 0.7057758209377689, \"bagging_freq\": 1, \"boosting_type\": \"gbdt\", \"feature_fraction\": 0.6014331456625178, \"force_col_wise\": true, \"lambda_l1\": 0.00029148844626869524, \"lambda_l2\": 0.023451091522694277, \"learning_rate\": 0.009757296472441121, \"max_bin\": 511, \"max_depth\": 8, \"min_child_samples\": 88, \"min_gain_to_split\": 0.10983634298379986, \"n_estimators\": 10000, \"n_jobs\": 1, \"num_leaves\": 184, \"objective\": \"regression\", \"subsample_for_bin\": 200000, \"verbosity\": -1}",
      "mae": 79450.79066285276,
      "rmse": 137071.62194694293,
      "mae_log": 0.20737518593955098,
      "rmse_log": 0.2900948276108105,
      "elapsed_s": 7.417410755157471,
      "n": 15
    },
    {
      "model": "lgbm",
      "params": "{\"bagging_fraction\": 0.659425270065664, \"bagging_freq\": 1, \"boosting_type\": \"gbdt\", \"feature_fraction\": 0.621563219226474, \"force_col_wise\": true, \"lambda_l1\": 0.014993849774393012, \"lambda_l2\": 0.0016955218225504212, \"learning_rate\": 0.008142375880717404, \"max_bin\": 1023, \"max_depth\": 7, \"min_child_samples\": 50, \"min_gain_to_split\": 0.13835603577389516, \"n_estimators\": 10000, \"n_jobs\": 1, \"num_leaves\": 118, \"objective\": \"regression\", \"subsample_for_bin\": 200000, \"verbosity\": -1}",
      "mae": 79550.36125723986,
      "rmse": 136740.31406731124,
      "mae_log": 0.20757678014134703,
      "rmse_log": 0.2900558429287292,
      "elapsed_s": 11.223526096343994,
      "n": 15
    },
    {
      "model": "lgbm",
      "params": "{\"bagging_fraction\": 0.6068064349470736, \"bagging_freq\": 2, \"boosting_type\": \"gbdt\", \"feature_fraction\": 0.6136890647028448, \"force_col_wise\": true, \"lambda_l1\": 0.0008203172964138318, \"lambda_l2\": 0.00021047423847543966, \"learning_rate\": 0.009037638607480554, \"max_bin\": 1023, \"max_depth\": 9, \"min_child_samples\": 70, \"min_gain_to_split\": 0.13250799748693784, \"n_estimators\": 10000, \"n_jobs\": 1, \"num_leaves\": 398, \"objective\": \"regression\", \"subsample_for_bin\": 800000, \"verbosity\": -1}",
      "mae": 79566.54071156631,
      "rmse": 137123.05126246598,
      "mae_log": 0.20765079125016397,
      "rmse_log": 0.29030338429174907,
      "elapsed_s": 10.394772179921468,
      "n": 15
    },
    {
      "model": "lgbm",
      "params": "{\"bagging_fraction\": 0.6256570942943334, \"bagging_freq\": 2, \"boosting_type\": \"gbdt\", \"feature_fraction\": 0.6001270351477996, \"force_col_wise\": true, \"lambda_l1\": 0.00496249458006254, \"lambda_l2\": 0.0004200623934410472, \"learning_rate\": 0.008497341674634491, \"max_bin\": 1023, \"max_depth\": 10, \"min_child_samples\": 92, \"min_gain_to_split\": 0.034713366767556986, \"n_estimators\": 10000, \"n_jobs\": 1, \"num_leaves\": 512, \"objective\": \"regression\", \"subsample_for_bin\": 400000, \"verbosity\": -1}",
      "mae": 79583.02274316705,
      "rmse": 138191.83181473787,
      "mae_log": 0.20753180405636307,
      "rmse_log": 0.28997252036240617,
      "elapsed_s": 16.13945679664612,
      "n": 15
    },
    {
      "model": "lgbm",
      "params": "{\"bagging_fraction\": 0.7406365911483339, \"bagging_freq\": 3, \"boosting_type\": \"gbdt\", \"feature_fraction\": 0.6272240566116127, \"force_col_wise\": true, \"lambda_l1\": 0.00015862510761230377, \"lambda_l2\": 0.0010581299677502626, \"learning_rate\": 0.011989852261965337, \"max_bin\": 1023, \"max_depth\": 8, \"min_child_samples\": 104, \"min_gain_to_split\": 0.00511813626978412, \"n_estimators\": 10000, \"n_jobs\": 1, \"num_leaves\": 239, \"objective\": \"regression\", \"subsample_for_bin\": 200000, \"verbosity\": -1}",
      "mae": 79649.42240812795,
      "rmse": 138093.23423506547,
      "mae_log": 0.20761039132375475,
      "rmse_log": 0.29032095963535987,
      "elapsed_s": 13.108386452992757,
      "n": 15
    },
    {
      "model": "lgbm",
      "params": "{\"bagging_fraction\": 0.8048386863058977, \"bagging_freq\": 1, \"boosting_type\": \"gbdt\", \"feature_fraction\": 0.6273805499432051, \"force_col_wise\": true, \"lambda_l1\": 0.005788192395995404, \"lambda_l2\": 0.00266910419995913, \"learning_rate\": 0.008625967598143745, \"max_bin\": 1023, \"max_depth\": 7, \"min_child_samples\": 108, \"min_gain_to_split\": 0.12763376939727758, \"n_estimators\": 10000, \"n_jobs\": 1, \"num_leaves\": 119, \"objective\": \"regression\", \"subsample_for_bin\": 400000, \"verbosity\": -1}",
      "mae": 79673.71129751645,
      "rmse": 137898.01783776036,
      "mae_log": 0.20768072530264226,
      "rmse_log": 0.2903671415694134,
      "elapsed_s": 10.952035156885783,
      "n": 15
    }
  ],
  "updated_at": "2026-01-17 15:02:40"
}