{
  "stage": "final",
  "best_so_far": {
    "model": "lgbm",
    "params": "{\"bagging_fraction\": 0.7804845579575543, \"bagging_freq\": 2, \"boosting_type\": \"gbdt\", \"feature_fraction\": 0.693160014832441, \"force_col_wise\": true, \"lambda_l1\": 0.003426526864756565, \"lambda_l2\": 0.4953229992133722, \"learning_rate\": 0.012990280741516142, \"max_bin\": 511, \"max_depth\": 16, \"min_child_samples\": 92, \"min_gain_to_split\": 0.1019561645874949, \"n_estimators\": 10000, \"n_jobs\": 1, \"num_leaves\": 1367, \"objective\": \"regression\", \"random_state\": 1682172999, \"subsample_for_bin\": 200000, \"verbosity\": -1}",
    "mae": 80971.14241123764,
    "rmse": 139960.797700109,
    "mae_log": 0.20679443622619292,
    "rmse_log": 0.28939827993939493,
    "elapsed_s": 21.40951860745748,
    "n": 15
  },
  "top25": [
    {
      "model": "lgbm",
      "params": "{\"bagging_fraction\": 0.7804845579575543, \"bagging_freq\": 2, \"boosting_type\": \"gbdt\", \"feature_fraction\": 0.693160014832441, \"force_col_wise\": true, \"lambda_l1\": 0.003426526864756565, \"lambda_l2\": 0.4953229992133722, \"learning_rate\": 0.012990280741516142, \"max_bin\": 511, \"max_depth\": 16, \"min_child_samples\": 92, \"min_gain_to_split\": 0.1019561645874949, \"n_estimators\": 10000, \"n_jobs\": 1, \"num_leaves\": 1367, \"objective\": \"regression\", \"random_state\": 1682172999, \"subsample_for_bin\": 200000, \"verbosity\": -1}",
      "mae": 80971.14241123764,
      "rmse": 139960.797700109,
      "mae_log": 0.20679443622619292,
      "rmse_log": 0.28939827993939493,
      "elapsed_s": 21.40951860745748,
      "n": 15
    },
    {
      "model": "lgbm",
      "params": "{\"bagging_fraction\": 0.8010134892190257, \"bagging_freq\": 1, \"boosting_type\": \"gbdt\", \"feature_fraction\": 0.849690392612947, \"force_col_wise\": true, \"lambda_l1\": 0.00017674493315692952, \"lambda_l2\": 0.0001329236741948316, \"learning_rate\": 0.010122397083341924, \"max_bin\": 255, \"max_depth\": 8, \"min_child_samples\": 133, \"min_gain_to_split\": 0.11799072111392395, \"n_estimators\": 10000, \"n_jobs\": 1, \"num_leaves\": 194, \"objective\": \"regression\", \"random_state\": 299703567, \"subsample_for_bin\": 400000, \"verbosity\": -1}",
      "mae": 81008.0399029726,
      "rmse": 140241.9711616531,
      "mae_log": 0.2062757952433644,
      "rmse_log": 0.28892071847268114,
      "elapsed_s": 18.22463715871175,
      "n": 15
    },
    {
      "model": "lgbm",
      "params": "{\"bagging_fraction\": 0.9488224020732752, \"bagging_freq\": 2, \"boosting_type\": \"gbdt\", \"feature_fraction\": 0.8300592642293234, \"force_col_wise\": true, \"lambda_l1\": 1.722175830335326, \"lambda_l2\": 0.001016773911684851, \"learning_rate\": 0.03168808943695474, \"max_bin\": 1023, \"max_depth\": 8, \"min_child_samples\": 50, \"min_gain_to_split\": 0.011457240927000512, \"n_estimators\": 10000, \"n_jobs\": 1, \"num_leaves\": 61, \"objective\": \"regression\", \"random_state\": 142958943, \"subsample_for_bin\": 800000, \"verbosity\": -1}",
      "mae": 81073.3838005147,
      "rmse": 139683.12509274206,
      "mae_log": 0.20695376389234757,
      "rmse_log": 0.2898154206529975,
      "elapsed_s": 21.908397499720255,
      "n": 15
    },
    {
      "model": "lgbm",
      "params": "{\"bagging_fraction\": 0.8007654891231517, \"bagging_freq\": 1, \"boosting_type\": \"gbdt\", \"feature_fraction\": 0.7545397689996991, \"force_col_wise\": true, \"lambda_l1\": 0.6205157045609441, \"lambda_l2\": 1.9000096557394954, \"learning_rate\": 0.033901906438608596, \"max_bin\": 1023, \"max_depth\": 10, \"min_child_samples\": 36, \"min_gain_to_split\": 0.08767389055201674, \"n_estimators\": 10000, \"n_jobs\": 1, \"num_leaves\": 825, \"objective\": \"regression\", \"random_state\": 78801257, \"subsample_for_bin\": 400000, \"verbosity\": -1}",
      "mae": 81221.53603038556,
      "rmse": 139590.62391915367,
      "mae_log": 0.20776744249305554,
      "rmse_log": 0.29069235287933337,
      "elapsed_s": 11.47942476272583,
      "n": 15
    },
    {
      "model": "lgbm",
      "params": "{\"bagging_fraction\": 0.7899607673393447, \"bagging_freq\": 3, \"boosting_type\": \"gbdt\", \"feature_fraction\": 0.9026773809502957, \"force_col_wise\": true, \"lambda_l1\": 0.000433094299455381, \"lambda_l2\": 0.01569348038476393, \"learning_rate\": 0.011527750219786517, \"max_bin\": 511, \"max_depth\": 10, \"min_child_samples\": 189, \"min_gain_to_split\": 0.04197563578612051, \"n_estimators\": 10000, \"n_jobs\": 1, \"num_leaves\": 403, \"objective\": \"regression\", \"random_state\": 1839906433, \"subsample_for_bin\": 800000, \"verbosity\": -1}",
      "mae": 81414.97994003101,
      "rmse": 142104.45023920498,
      "mae_log": 0.2069285694260458,
      "rmse_log": 0.2897493867380017,
      "elapsed_s": 29.644849061965942,
      "n": 15
    },
    {
      "model": "lgbm",
      "params": "{\"bagging_fraction\": 0.6348220826251589, \"bagging_freq\": 1, \"boosting_type\": \"gbdt\", \"feature_fraction\": 0.9859414830069444, \"force_col_wise\": true, \"lambda_l1\": 0.00017098850012700978, \"lambda_l2\": 0.013075193684563884, \"learning_rate\": 0.014327876400230956, \"max_bin\": 511, \"max_depth\": 6, \"min_child_samples\": 199, \"min_gain_to_split\": 0.07866599031291788, \"n_estimators\": 10000, \"n_jobs\": 1, \"num_leaves\": 43, \"objective\": \"regression\", \"random_state\": 21246205, \"subsample_for_bin\": 400000, \"verbosity\": -1}",
      "mae": 81536.89010997865,
      "rmse": 142601.67089326997,
      "mae_log": 0.20692380878970712,
      "rmse_log": 0.28958716215346086,
      "elapsed_s": 19.69266769091288,
      "n": 15
    },
    {
      "model": "gbr",
      "params": "{\"learning_rate\": 0.03396607972678975, \"loss\": \"squared_error\", \"max_depth\": 4, \"min_samples_leaf\": 10, \"n_estimators\": 1200, \"random_state\": 1507718690, \"subsample\": 0.7224556212174131}",
      "mae": 81597.33974432455,
      "rmse": 139607.54628713135,
      "mae_log": 0.20798097916263442,
      "rmse_log": 0.2907070482164251,
      "elapsed_s": 415.82689394950864,
      "n": 15
    },
    {
      "model": "gbr",
      "params": "{\"learning_rate\": 0.03807561329574992, \"loss\": \"squared_error\", \"max_depth\": 4, \"min_samples_leaf\": 30, \"n_estimators\": 800, \"random_state\": 1740348277, \"subsample\": 0.8122847462460547}",
      "mae": 81821.23714075117,
      "rmse": 140076.18368732973,
      "mae_log": 0.2081665382781984,
      "rmse_log": 0.29009657063031186,
      "elapsed_s": 311.5613670349121,
      "n": 15
    },
    {
      "model": "lgbm",
      "params": "{\"bagging_fraction\": 0.8662260999567861, \"bagging_freq\": 4, \"boosting_type\": \"gbdt\", \"feature_fraction\": 0.6591548088704121, \"force_col_wise\": true, \"lambda_l1\": 0.016300365252542956, \"lambda_l2\": 0.0002733264826010088, \"learning_rate\": 0.029606249071543682, \"max_bin\": 511, \"max_depth\": 16, \"min_child_samples\": 149, \"min_gain_to_split\": 0.21938919667463658, \"n_estimators\": 10000, \"n_jobs\": 1, \"num_leaves\": 1743, \"objective\": \"regression\", \"random_state\": 1172118667, \"subsample_for_bin\": 800000, \"verbosity\": -1}",
      "mae": 81849.11073945285,
      "rmse": 143260.22413905853,
      "mae_log": 0.20762611071827147,
      "rmse_log": 0.2894075833275827,
      "elapsed_s": 6.1044108708699545,
      "n": 15
    },
    {
      "model": "lgbm",
      "params": "{\"bagging_fraction\": 0.6437888918599286, \"bagging_freq\": 2, \"boosting_type\": \"gbdt\", \"feature_fraction\": 0.9686457380644733, \"force_col_wise\": true, \"lambda_l1\": 0.17161870140762903, \"lambda_l2\": 0.030746384413853682, \"learning_rate\": 0.037062252602535664, \"max_bin\": 255, \"max_depth\": 12, \"min_child_samples\": 122, \"min_gain_to_split\": 0.008984153310228449, \"n_estimators\": 10000, \"n_jobs\": 1, \"num_leaves\": 146, \"objective\": \"regression\", \"random_state\": 1646967621, \"subsample_for_bin\": 800000, \"verbosity\": -1}",
      "mae": 81877.38063923169,